blink_data,blink_tick_ms,epoch
62.0,783011.901,1582415585.998901
62.0,783011.902,1582415585.998902
62.0,783011.903,1582415585.998903
62.0,783011.904,1582415585.998904
62.0,783011.905,1582415585.998905
62.0,783011.906,1582415585.998906
62.0,783011.907,1582415585.998907
62.0,783011.908,1582415585.998908
62.0,783011.909,1582415585.998909
62.0,783011.91,1582415585.99891
62.0,783011.911,1582415585.998911
62.0,783011.912,1582415585.998912
62.0,783011.913,1582415585.998913
62.0,783011.914,1582415585.998914
62.0,783011.915,1582415585.998915
62.0,783011.916,1582415585.998916
62.0,783011.917,1582415585.998917
62.0,783011.918,1582415585.998918
62.0,783011.919,1582415585.998919
62.0,783011.92,1582415585.99892
62.0,783011.921,1582415585.998921
62.0,783011.922,1582415585.998922
62.0,783011.923,1582415585.998923
62.0,783011.924,1582415585.998924
62.0,783011.925,1582415585.998925
62.0,783011.926,1582415585.998926
62.0,783011.927,1582415585.998927
62.0,783011.928,1582415585.998928
62.0,783011.929,1582415585.998929
62.0,783011.93,1582415585.99893
62.0,783011.931,1582415585.998931
62.0,783011.932,1582415585.998932
62.0,783011.933,1582415585.998933
62.0,783011.934,1582415585.998934
62.0,783011.935,1582415585.998935
62.0,783011.936,1582415585.998936
62.0,783011.937,1582415585.998937
62.0,783011.938,1582415585.998938
62.0,783011.939,1582415585.998939
62.0,783011.94,1582415585.99894
62.0,783011.941,1582415585.998941
62.0,783011.942,1582415585.998942
62.0,783011.943,1582415585.998943
62.0,783011.944,1582415585.998944
62.0,783011.945,1582415585.998945
62.0,783011.946,1582415585.998946
62.0,783011.947,1582415585.998947
62.0,783011.948,1582415585.998948
62.0,783011.949,1582415585.998949
62.0,783011.95,1582415585.99895
62.0,783011.951,1582415585.998951
62.0,783011.952,1582415585.998952
62.0,783011.953,1582415585.998953
62.0,783011.954,1582415585.998954
62.0,783011.955,1582415585.998955
62.0,783011.956,1582415585.998956
62.0,783011.957,1582415585.998957
62.0,783011.958,1582415585.998958
62.0,783011.959,1582415585.998959
62.0,783011.96,1582415585.99896
62.0,783011.961,1582415585.998961
62.0,783011.962,1582415585.998962
62.0,783011.963,1582415585.998963
62.0,783011.964,1582415585.998964
62.0,783011.965,1582415585.998965
62.0,783011.966,1582415585.998966
62.0,783011.967,1582415585.998967
62.0,783011.968,1582415585.998968
62.0,783011.969,1582415585.998969
62.0,783011.97,1582415585.99897
62.0,783011.971,1582415585.998971
62.0,783011.972,1582415585.998972
62.0,783011.973,1582415585.998973
62.0,783011.974,1582415585.998974
62.0,783011.975,1582415585.998975
62.0,783011.976,1582415585.998976
62.0,783011.977,1582415585.998977
62.0,783011.978,1582415585.998978
62.0,783011.979,1582415585.998979
62.0,783011.98,1582415585.99898
62.0,783011.981,1582415585.998981
62.0,783011.982,1582415585.998982
62.0,783011.983,1582415585.998983
62.0,783011.984,1582415585.998984
56.0,783011.985,1582415585.998985
58.0,783011.986,1582415585.998986
59.0,783011.987,1582415585.998987
60.0,783011.988,1582415585.998988
60.0,783011.989,1582415585.998989
60.0,783011.99,1582415585.99899
61.0,783011.991,1582415585.998991
61.0,783011.992,1582415585.998992
61.0,783011.993,1582415585.998993
61.0,783011.994,1582415585.998994
61.0,783011.995,1582415585.998995
61.0,783011.996,1582415585.998996
61.0,783011.997,1582415585.998997
61.0,783011.998,1582415585.998998
62.0,783011.999,1582415585.998999
61.0,783012.0,1582415585.999
62.0,783111.901,1582415585.999901
62.0,783111.902,1582415585.999902
62.0,783111.903,1582415585.999903
62.0,783111.904,1582415585.999904
62.0,783111.905,1582415585.999905
62.0,783111.906,1582415585.999906
62.0,783111.907,1582415585.999907
62.0,783111.908,1582415585.999908
62.0,783111.909,1582415585.999909
62.0,783111.91,1582415585.99991
62.0,783111.911,1582415585.999911
62.0,783111.912,1582415585.999912
62.0,783111.913,1582415585.999913
62.0,783111.914,1582415585.999914
62.0,783111.915,1582415585.999915
62.0,783111.916,1582415585.999916
62.0,783111.917,1582415585.999917
62.0,783111.918,1582415585.999918
62.0,783111.919,1582415585.999919
62.0,783111.92,1582415585.99992
62.0,783111.921,1582415585.999921
62.0,783111.922,1582415585.999922
62.0,783111.923,1582415585.999923
62.0,783111.924,1582415585.999924
62.0,783111.925,1582415585.999925
62.0,783111.926,1582415585.999926
62.0,783111.927,1582415585.999927
62.0,783111.928,1582415585.999928
62.0,783111.929,1582415585.999929
62.0,783111.93,1582415585.99993
62.0,783111.931,1582415585.999931
62.0,783111.932,1582415585.999932
62.0,783111.933,1582415585.999933
62.0,783111.934,1582415585.999934
62.0,783111.935,1582415585.999935
62.0,783111.936,1582415585.999936
62.0,783111.937,1582415585.999937
62.0,783111.938,1582415585.999938
62.0,783111.939,1582415585.999939
62.0,783111.94,1582415585.99994
62.0,783111.941,1582415585.999941
62.0,783111.942,1582415585.999942
62.0,783111.943,1582415585.999943
62.0,783111.944,1582415585.999944
62.0,783111.945,1582415585.999945
62.0,783111.946,1582415585.999946
62.0,783111.947,1582415585.999947
62.0,783111.948,1582415585.999948
62.0,783111.949,1582415585.999949
62.0,783111.95,1582415585.99995
62.0,783111.951,1582415585.999951
62.0,783111.952,1582415585.999952
62.0,783111.953,1582415585.999953
62.0,783111.954,1582415585.999954
62.0,783111.955,1582415585.999955
62.0,783111.956,1582415585.999956
62.0,783111.957,1582415585.999957
62.0,783111.958,1582415585.999958
62.0,783111.959,1582415585.999959
62.0,783111.96,1582415585.99996
62.0,783111.961,1582415585.999961
62.0,783111.962,1582415585.999962
62.0,783111.963,1582415585.999963
62.0,783111.964,1582415585.999964
62.0,783111.965,1582415585.999965
62.0,783111.966,1582415585.999966
62.0,783111.967,1582415585.999967
62.0,783111.968,1582415585.999968
62.0,783111.969,1582415585.999969
62.0,783111.97,1582415585.99997
62.0,783111.971,1582415585.999971
62.0,783111.972,1582415585.999972
62.0,783111.973,1582415585.999973
62.0,783111.974,1582415585.999974
62.0,783111.975,1582415585.999975
62.0,783111.976,1582415585.999976
62.0,783111.977,1582415585.999977
62.0,783111.978,1582415585.999978
62.0,783111.979,1582415585.999979
62.0,783111.98,1582415585.99998
62.0,783111.981,1582415585.999981
62.0,783111.982,1582415585.999982
62.0,783111.983,1582415585.999983
62.0,783111.984,1582415585.999984
56.0,783111.985,1582415585.999985
58.0,783111.986,1582415585.999986
59.0,783111.987,1582415585.999987
60.0,783111.988,1582415585.999988
60.0,783111.989,1582415585.999989
60.0,783111.99,1582415585.99999
61.0,783111.991,1582415585.999991
61.0,783111.992,1582415585.999992
61.0,783111.993,1582415585.999993
61.0,783111.994,1582415585.999994
61.0,783111.995,1582415585.999995
61.0,783111.996,1582415585.999996
61.0,783111.997,1582415585.999997
61.0,783111.998,1582415585.999998
61.0,783111.999,1582415585.999999
61.0,783112.0,1582415586.0
62.0,783211.901,1582415586.000901
62.0,783211.902,1582415586.000902
62.0,783211.903,1582415586.000903
62.0,783211.904,1582415586.000904
62.0,783211.905,1582415586.000905
62.0,783211.906,1582415586.000906
62.0,783211.907,1582415586.000907
62.0,783211.908,1582415586.000908
62.0,783211.909,1582415586.000909
62.0,783211.91,1582415586.00091
62.0,783211.911,1582415586.000911
62.0,783211.912,1582415586.000912
62.0,783211.913,1582415586.000913
62.0,783211.914,1582415586.000914
62.0,783211.915,1582415586.000915
62.0,783211.916,1582415586.000916
62.0,783211.917,1582415586.000917
62.0,783211.918,1582415586.000918
62.0,783211.919,1582415586.000919
62.0,783211.92,1582415586.00092
62.0,783211.921,1582415586.000921
62.0,783211.922,1582415586.000922
62.0,783211.923,1582415586.000923
62.0,783211.924,1582415586.000924
62.0,783211.925,1582415586.000925
62.0,783211.926,1582415586.000926
62.0,783211.927,1582415586.000927
62.0,783211.928,1582415586.000928
62.0,783211.929,1582415586.000929
62.0,783211.93,1582415586.00093
62.0,783211.931,1582415586.000931
62.0,783211.932,1582415586.000932
62.0,783211.933,1582415586.000933
62.0,783211.934,1582415586.000934
62.0,783211.935,1582415586.000935
62.0,783211.936,1582415586.000936
62.0,783211.937,1582415586.000937
62.0,783211.938,1582415586.000938
62.0,783211.939,1582415586.000939
62.0,783211.94,1582415586.00094
62.0,783211.941,1582415586.000941
62.0,783211.942,1582415586.000942
62.0,783211.943,1582415586.000943
62.0,783211.944,1582415586.000944
62.0,783211.945,1582415586.000945
62.0,783211.946,1582415586.000946
62.0,783211.947,1582415586.000947
62.0,783211.948,1582415586.000948
62.0,783211.949,1582415586.000949
62.0,783211.95,1582415586.00095
62.0,783211.951,1582415586.000951
62.0,783211.952,1582415586.000952
62.0,783211.953,1582415586.000953
62.0,783211.954,1582415586.000954
62.0,783211.955,1582415586.000955
62.0,783211.956,1582415586.000956
62.0,783211.957,1582415586.000957
62.0,783211.958,1582415586.000958
62.0,783211.959,1582415586.000959
62.0,783211.96,1582415586.00096
62.0,783211.961,1582415586.000961
62.0,783211.962,1582415586.000962
62.0,783211.963,1582415586.000963
62.0,783211.964,1582415586.000964
62.0,783211.965,1582415586.000965
62.0,783211.966,1582415586.000966
62.0,783211.967,1582415586.000967
62.0,783211.968,1582415586.000968
62.0,783211.969,1582415586.000969
62.0,783211.97,1582415586.00097
62.0,783211.971,1582415586.000971
62.0,783211.972,1582415586.000972
62.0,783211.973,1582415586.000973
62.0,783211.974,1582415586.000974
62.0,783211.975,1582415586.000975
62.0,783211.976,1582415586.000976
62.0,783211.977,1582415586.000977
62.0,783211.978,1582415586.000978
62.0,783211.979,1582415586.000979
62.0,783211.98,1582415586.00098
62.0,783211.981,1582415586.000981
62.0,783211.982,1582415586.000982
62.0,783211.983,1582415586.000983
62.0,783211.984,1582415586.000984
62.0,783211.985,1582415586.000985
62.0,783211.986,1582415586.000986
62.0,783211.987,1582415586.000987
62.0,783211.988,1582415586.000988
62.0,783211.989,1582415586.000989
62.0,783211.99,1582415586.00099
62.0,783211.991,1582415586.000991
62.0,783211.992,1582415586.000992
62.0,783211.993,1582415586.000993
62.0,783211.994,1582415586.000994
62.0,783211.995,1582415586.000995
62.0,783211.996,1582415586.000996
62.0,783211.997,1582415586.000997
62.0,783211.998,1582415586.000998
62.0,783211.999,1582415586.000999
62.0,783212.0,1582415586.001
62.0,783311.901,1582415586.001901
62.0,783311.902,1582415586.001902
62.0,783311.903,1582415586.001903
62.0,783311.904,1582415586.001904
62.0,783311.905,1582415586.001905
62.0,783311.906,1582415586.001906
62.0,783311.907,1582415586.001907
62.0,783311.908,1582415586.001908
62.0,783311.909,1582415586.001909
62.0,783311.91,1582415586.00191
62.0,783311.911,1582415586.001911
62.0,783311.912,1582415586.001912
62.0,783311.913,1582415586.001913
62.0,783311.914,1582415586.001914
62.0,783311.915,1582415586.001915
62.0,783311.916,1582415586.001916
62.0,783311.917,1582415586.001917
62.0,783311.918,1582415586.001918
62.0,783311.919,1582415586.001919
62.0,783311.92,1582415586.00192
62.0,783311.921,1582415586.001921
62.0,783311.922,1582415586.001922
62.0,783311.923,1582415586.001923
62.0,783311.924,1582415586.001924
62.0,783311.925,1582415586.001925
62.0,783311.926,1582415586.001926
62.0,783311.927,1582415586.001927
62.0,783311.928,1582415586.001928
62.0,783311.929,1582415586.001929
62.0,783311.93,1582415586.00193
62.0,783311.931,1582415586.001931
62.0,783311.932,1582415586.001932
62.0,783311.933,1582415586.001933
62.0,783311.934,1582415586.001934
62.0,783311.935,1582415586.001935
62.0,783311.936,1582415586.001936
62.0,783311.937,1582415586.001937
62.0,783311.938,1582415586.001938
62.0,783311.939,1582415586.001939
62.0,783311.94,1582415586.00194
62.0,783311.941,1582415586.001941
62.0,783311.942,1582415586.001942
62.0,783311.943,1582415586.001943
62.0,783311.944,1582415586.001944
62.0,783311.945,1582415586.001945
62.0,783311.946,1582415586.001946
62.0,783311.947,1582415586.001947
62.0,783311.948,1582415586.001948
62.0,783311.949,1582415586.001949
62.0,783311.95,1582415586.00195
62.0,783311.951,1582415586.001951
62.0,783311.952,1582415586.001952
62.0,783311.953,1582415586.001953
62.0,783311.954,1582415586.001954
62.0,783311.955,1582415586.001955
62.0,783311.956,1582415586.001956
62.0,783311.957,1582415586.001957
62.0,783311.958,1582415586.001958
62.0,783311.959,1582415586.001959
62.0,783311.96,1582415586.00196
62.0,783311.961,1582415586.001961
62.0,783311.962,1582415586.001962
62.0,783311.963,1582415586.001963
62.0,783311.964,1582415586.001964
62.0,783311.965,1582415586.001965
62.0,783311.966,1582415586.001966
62.0,783311.967,1582415586.001967
62.0,783311.968,1582415586.001968
62.0,783311.969,1582415586.001969
62.0,783311.97,1582415586.00197
62.0,783311.971,1582415586.001971
62.0,783311.972,1582415586.001972
62.0,783311.973,1582415586.001973
62.0,783311.974,1582415586.001974
62.0,783311.975,1582415586.001975
62.0,783311.976,1582415586.001976
62.0,783311.977,1582415586.001977
62.0,783311.978,1582415586.001978
62.0,783311.979,1582415586.001979
62.0,783311.98,1582415586.00198
62.0,783311.981,1582415586.001981
62.0,783311.982,1582415586.001982
62.0,783311.983,1582415586.001983
62.0,783311.984,1582415586.001984
62.0,783311.985,1582415586.001985
62.0,783311.986,1582415586.001986
62.0,783311.987,1582415586.001987
62.0,783311.988,1582415586.001988
62.0,783311.989,1582415586.001989
62.0,783311.99,1582415586.00199
62.0,783311.991,1582415586.001991
62.0,783311.992,1582415586.001992
62.0,783311.993,1582415586.001993
62.0,783311.994,1582415586.001994
62.0,783311.995,1582415586.001995
62.0,783311.996,1582415586.001996
62.0,783311.997,1582415586.001997
62.0,783311.998,1582415586.001998
62.0,783311.999,1582415586.001999
62.0,783312.0,1582415586.002
62.0,783411.901,1582415586.002901
62.0,783411.902,1582415586.002902
62.0,783411.903,1582415586.002903
62.0,783411.904,1582415586.002904
62.0,783411.905,1582415586.002905
62.0,783411.906,1582415586.002906
62.0,783411.907,1582415586.002907
62.0,783411.908,1582415586.002908
62.0,783411.909,1582415586.002909
62.0,783411.91,1582415586.00291
62.0,783411.911,1582415586.002911
62.0,783411.912,1582415586.002912
62.0,783411.913,1582415586.002913
62.0,783411.914,1582415586.002914
62.0,783411.915,1582415586.002915
62.0,783411.916,1582415586.002916
62.0,783411.917,1582415586.002917
62.0,783411.918,1582415586.002918
62.0,783411.919,1582415586.002919
62.0,783411.92,1582415586.00292
62.0,783411.921,1582415586.002921
62.0,783411.922,1582415586.002922
62.0,783411.923,1582415586.002923
62.0,783411.924,1582415586.002924
62.0,783411.925,1582415586.002925
62.0,783411.926,1582415586.002926
62.0,783411.927,1582415586.002927
62.0,783411.928,1582415586.002928
62.0,783411.929,1582415586.002929
54.0,783411.93,1582415586.00293
58.0,783411.931,1582415586.002931
59.0,783411.932,1582415586.002932
60.0,783411.933,1582415586.002933
60.0,783411.934,1582415586.002934
60.0,783411.935,1582415586.002935
61.0,783411.936,1582415586.002936
61.0,783411.937,1582415586.002937
61.0,783411.938,1582415586.002938
61.0,783411.939,1582415586.002939
61.0,783411.94,1582415586.00294
61.0,783411.941,1582415586.002941
61.0,783411.942,1582415586.002942
61.0,783411.943,1582415586.002943
62.0,783411.944,1582415586.002944
62.0,783411.945,1582415586.002945
62.0,783411.946,1582415586.002946
62.0,783411.947,1582415586.002947
62.0,783411.948,1582415586.002948
62.0,783411.949,1582415586.002949
62.0,783411.95,1582415586.00295
62.0,783411.951,1582415586.002951
62.0,783411.952,1582415586.002952
62.0,783411.953,1582415586.002953
62.0,783411.954,1582415586.002954
62.0,783411.955,1582415586.002955
62.0,783411.956,1582415586.002956
62.0,783411.957,1582415586.002957
62.0,783411.958,1582415586.002958
62.0,783411.959,1582415586.002959
62.0,783411.96,1582415586.00296
62.0,783411.961,1582415586.002961
62.0,783411.962,1582415586.002962
62.0,783411.963,1582415586.002963
62.0,783411.964,1582415586.002964
62.0,783411.965,1582415586.002965
62.0,783411.966,1582415586.002966
57.0,783411.967,1582415586.002967
58.0,783411.968,1582415586.002968
59.0,783411.969,1582415586.002969
60.0,783411.97,1582415586.00297
60.0,783411.971,1582415586.002971
60.0,783411.972,1582415586.002972
61.0,783411.973,1582415586.002973
61.0,783411.974,1582415586.002974
61.0,783411.975,1582415586.002975
61.0,783411.976,1582415586.002976
61.0,783411.977,1582415586.002977
61.0,783411.978,1582415586.002978
61.0,783411.979,1582415586.002979
61.0,783411.98,1582415586.00298
62.0,783411.981,1582415586.002981
61.0,783411.982,1582415586.002982
62.0,783411.983,1582415586.002983
62.0,783411.984,1582415586.002984
62.0,783411.985,1582415586.002985
61.0,783411.986,1582415586.002986
61.0,783411.987,1582415586.002987
62.0,783411.988,1582415586.002988
61.0,783411.989,1582415586.002989
62.0,783411.99,1582415586.00299
62.0,783411.991,1582415586.002991
62.0,783411.992,1582415586.002992
62.0,783411.993,1582415586.002993
62.0,783411.994,1582415586.002994
62.0,783411.995,1582415586.002995
66.0,783411.996,1582415586.002996
64.0,783411.997,1582415586.002997
63.0,783411.998,1582415586.002998
63.0,783411.999,1582415586.002999
63.0,783412.0,1582415586.003
62.0,783511.901,1582415586.002901
62.0,783511.902,1582415586.002902
62.0,783511.903,1582415586.002903
62.0,783511.904,1582415586.002904
62.0,783511.905,1582415586.002905
62.0,783511.906,1582415586.002906
62.0,783511.907,1582415586.002907
62.0,783511.908,1582415586.002908
62.0,783511.909,1582415586.002909
62.0,783511.91,1582415586.00291
62.0,783511.911,1582415586.002911
62.0,783511.912,1582415586.002912
62.0,783511.913,1582415586.002913
62.0,783511.914,1582415586.002914
62.0,783511.915,1582415586.002915
62.0,783511.916,1582415586.002916
62.0,783511.917,1582415586.002917
62.0,783511.918,1582415586.002918
62.0,783511.919,1582415586.002919
62.0,783511.92,1582415586.00292
62.0,783511.921,1582415586.002921
62.0,783511.922,1582415586.002922
62.0,783511.923,1582415586.002923
62.0,783511.924,1582415586.002924
62.0,783511.925,1582415586.002925
62.0,783511.926,1582415586.002926
62.0,783511.927,1582415586.002927
62.0,783511.928,1582415586.002928
62.0,783511.929,1582415586.002929
54.0,783511.93,1582415586.00293
58.0,783511.931,1582415586.002931
59.0,783511.932,1582415586.002932
60.0,783511.933,1582415586.002933
60.0,783511.934,1582415586.002934
60.0,783511.935,1582415586.002935
61.0,783511.936,1582415586.002936
61.0,783511.937,1582415586.002937
61.0,783511.938,1582415586.002938
61.0,783511.939,1582415586.002939
61.0,783511.94,1582415586.00294
61.0,783511.941,1582415586.002941
61.0,783511.942,1582415586.002942
61.0,783511.943,1582415586.002943
61.0,783511.944,1582415586.002944
61.0,783511.945,1582415586.002945
62.0,783511.946,1582415586.002946
62.0,783511.947,1582415586.002947
62.0,783511.948,1582415586.002948
62.0,783511.949,1582415586.002949
62.0,783511.95,1582415586.00295
62.0,783511.951,1582415586.002951
62.0,783511.952,1582415586.002952
62.0,783511.953,1582415586.002953
62.0,783511.954,1582415586.002954
62.0,783511.955,1582415586.002955
62.0,783511.956,1582415586.002956
62.0,783511.957,1582415586.002957
62.0,783511.958,1582415586.002958
62.0,783511.959,1582415586.002959
62.0,783511.96,1582415586.00296
62.0,783511.961,1582415586.002961
62.0,783511.962,1582415586.002962
62.0,783511.963,1582415586.002963
62.0,783511.964,1582415586.002964
62.0,783511.965,1582415586.002965
62.0,783511.966,1582415586.002966
57.0,783511.967,1582415586.002967
58.0,783511.968,1582415586.002968
59.0,783511.969,1582415586.002969
60.0,783511.97,1582415586.00297
60.0,783511.971,1582415586.002971
60.0,783511.972,1582415586.002972
61.0,783511.973,1582415586.002973
61.0,783511.974,1582415586.002974
61.0,783511.975,1582415586.002975
61.0,783511.976,1582415586.002976
61.0,783511.977,1582415586.002977
61.0,783511.978,1582415586.002978
61.0,783511.979,1582415586.002979
61.0,783511.98,1582415586.00298
62.0,783511.981,1582415586.002981
61.0,783511.982,1582415586.002982
61.0,783511.983,1582415586.002983
62.0,783511.984,1582415586.002984
61.0,783511.985,1582415586.002985
61.0,783511.986,1582415586.002986
61.0,783511.987,1582415586.002987
61.0,783511.988,1582415586.002988
61.0,783511.989,1582415586.002989
61.0,783511.99,1582415586.00299
61.0,783511.991,1582415586.002991
61.0,783511.992,1582415586.002992
61.0,783511.993,1582415586.002993
61.0,783511.994,1582415586.002994
62.0,783511.995,1582415586.002995
66.0,783511.996,1582415586.002996
64.0,783511.997,1582415586.002997
63.0,783511.998,1582415586.002998
63.0,783511.999,1582415586.002999
63.0,783512.0,1582415586.003
62.0,783611.901,1582415586.002901
62.0,783611.902,1582415586.002902
62.0,783611.903,1582415586.002903
62.0,783611.904,1582415586.002904
62.0,783611.905,1582415586.002905
62.0,783611.906,1582415586.002906
62.0,783611.907,1582415586.002907
62.0,783611.908,1582415586.002908
62.0,783611.909,1582415586.002909
62.0,783611.91,1582415586.00291
62.0,783611.911,1582415586.002911
62.0,783611.912,1582415586.002912
62.0,783611.913,1582415586.002913
62.0,783611.914,1582415586.002914
62.0,783611.915,1582415586.002915
62.0,783611.916,1582415586.002916
62.0,783611.917,1582415586.002917
62.0,783611.918,1582415586.002918
62.0,783611.919,1582415586.002919
62.0,783611.92,1582415586.00292
62.0,783611.921,1582415586.002921
62.0,783611.922,1582415586.002922
62.0,783611.923,1582415586.002923
62.0,783611.924,1582415586.002924
62.0,783611.925,1582415586.002925
62.0,783611.926,1582415586.002926
62.0,783611.927,1582415586.002927
62.0,783611.928,1582415586.002928
62.0,783611.929,1582415586.002929
54.0,783611.93,1582415586.00293
58.0,783611.931,1582415586.002931
59.0,783611.932,1582415586.002932
60.0,783611.933,1582415586.002933
60.0,783611.934,1582415586.002934
61.0,783611.935,1582415586.002935
61.0,783611.936,1582415586.002936
61.0,783611.937,1582415586.002937
61.0,783611.938,1582415586.002938
61.0,783611.939,1582415586.002939
61.0,783611.94,1582415586.00294
61.0,783611.941,1582415586.002941
61.0,783611.942,1582415586.002942
61.0,783611.943,1582415586.002943
62.0,783611.944,1582415586.002944
62.0,783611.945,1582415586.002945
62.0,783611.946,1582415586.002946
62.0,783611.947,1582415586.002947
62.0,783611.948,1582415586.002948
62.0,783611.949,1582415586.002949
62.0,783611.95,1582415586.00295
62.0,783611.951,1582415586.002951
62.0,783611.952,1582415586.002952
62.0,783611.953,1582415586.002953
62.0,783611.954,1582415586.002954
62.0,783611.955,1582415586.002955
62.0,783611.956,1582415586.002956
62.0,783611.957,1582415586.002957
62.0,783611.958,1582415586.002958
62.0,783611.959,1582415586.002959
62.0,783611.96,1582415586.00296
62.0,783611.961,1582415586.002961
62.0,783611.962,1582415586.002962
62.0,783611.963,1582415586.002963
62.0,783611.964,1582415586.002964
62.0,783611.965,1582415586.002965
62.0,783611.966,1582415586.002966
57.0,783611.967,1582415586.002967
58.0,783611.968,1582415586.002968
59.0,783611.969,1582415586.002969
60.0,783611.97,1582415586.00297
60.0,783611.971,1582415586.002971
60.0,783611.972,1582415586.002972
61.0,783611.973,1582415586.002973
61.0,783611.974,1582415586.002974
61.0,783611.975,1582415586.002975
61.0,783611.976,1582415586.002976
61.0,783611.977,1582415586.002977
61.0,783611.978,1582415586.002978
61.0,783611.979,1582415586.002979
61.0,783611.98,1582415586.00298
61.0,783611.981,1582415586.002981
61.0,783611.982,1582415586.002982
61.0,783611.983,1582415586.002983
61.0,783611.984,1582415586.002984
61.0,783611.985,1582415586.002985
61.0,783611.986,1582415586.002986
61.0,783611.987,1582415586.002987
61.0,783611.988,1582415586.002988
61.0,783611.989,1582415586.002989
61.0,783611.99,1582415586.00299
61.0,783611.991,1582415586.002991
61.0,783611.992,1582415586.002992
61.0,783611.993,1582415586.002993
61.0,783611.994,1582415586.002994
61.0,783611.995,1582415586.002995
66.0,783611.996,1582415586.002996
64.0,783611.997,1582415586.002997
63.0,783611.998,1582415586.002998
63.0,783611.999,1582415586.002999
63.0,783612.0,1582415586.003
62.0,783711.901,1582415586.003901
62.0,783711.902,1582415586.003902
62.0,783711.903,1582415586.003903
62.0,783711.904,1582415586.003904
62.0,783711.905,1582415586.003905
62.0,783711.906,1582415586.003906
62.0,783711.907,1582415586.003907
62.0,783711.908,1582415586.003908
62.0,783711.909,1582415586.003909
62.0,783711.91,1582415586.00391
62.0,783711.911,1582415586.003911
62.0,783711.912,1582415586.003912
62.0,783711.913,1582415586.003913
62.0,783711.914,1582415586.003914
62.0,783711.915,1582415586.003915
62.0,783711.916,1582415586.003916
62.0,783711.917,1582415586.003917
62.0,783711.918,1582415586.003918
62.0,783711.919,1582415586.003919
62.0,783711.92,1582415586.00392
62.0,783711.921,1582415586.003921
62.0,783711.922,1582415586.003922
62.0,783711.923,1582415586.003923
62.0,783711.924,1582415586.003924
62.0,783711.925,1582415586.003925
62.0,783711.926,1582415586.003926
62.0,783711.927,1582415586.003927
62.0,783711.928,1582415586.003928
62.0,783711.929,1582415586.003929
55.0,783711.93,1582415586.00393
58.0,783711.931,1582415586.003931
59.0,783711.932,1582415586.003932
60.0,783711.933,1582415586.003933
60.0,783711.934,1582415586.003934
60.0,783711.935,1582415586.003935
61.0,783711.936,1582415586.003936
61.0,783711.937,1582415586.003937
61.0,783711.938,1582415586.003938
61.0,783711.939,1582415586.003939
61.0,783711.94,1582415586.00394
61.0,783711.941,1582415586.003941
61.0,783711.942,1582415586.003942
61.0,783711.943,1582415586.003943
61.0,783711.944,1582415586.003944
61.0,783711.945,1582415586.003945
62.0,783711.946,1582415586.003946
62.0,783711.947,1582415586.003947
62.0,783711.948,1582415586.003948
62.0,783711.949,1582415586.003949
62.0,783711.95,1582415586.00395
62.0,783711.951,1582415586.003951
62.0,783711.952,1582415586.003952
62.0,783711.953,1582415586.003953
62.0,783711.954,1582415586.003954
62.0,783711.955,1582415586.003955
62.0,783711.956,1582415586.003956
62.0,783711.957,1582415586.003957
62.0,783711.958,1582415586.003958
62.0,783711.959,1582415586.003959
62.0,783711.96,1582415586.00396
62.0,783711.961,1582415586.003961
62.0,783711.962,1582415586.003962
62.0,783711.963,1582415586.003963
62.0,783711.964,1582415586.003964
62.0,783711.965,1582415586.003965
62.0,783711.966,1582415586.003966
57.0,783711.967,1582415586.003967
58.0,783711.968,1582415586.003968
59.0,783711.969,1582415586.003969
60.0,783711.97,1582415586.00397
60.0,783711.971,1582415586.003971
60.0,783711.972,1582415586.003972
61.0,783711.973,1582415586.003973
61.0,783711.974,1582415586.003974
61.0,783711.975,1582415586.003975
61.0,783711.976,1582415586.003976
61.0,783711.977,1582415586.003977
61.0,783711.978,1582415586.003978
61.0,783711.979,1582415586.003979
61.0,783711.98,1582415586.00398
62.0,783711.981,1582415586.003981
61.0,783711.982,1582415586.003982
61.0,783711.983,1582415586.003983
62.0,783711.984,1582415586.003984
62.0,783711.985,1582415586.003985
61.0,783711.986,1582415586.003986
62.0,783711.987,1582415586.003987
62.0,783711.988,1582415586.003988
61.0,783711.989,1582415586.003989
61.0,783711.99,1582415586.00399
61.0,783711.991,1582415586.003991
61.0,783711.992,1582415586.003992
61.0,783711.993,1582415586.003993
62.0,783711.994,1582415586.003994
62.0,783711.995,1582415586.003995
66.0,783711.996,1582415586.003996
64.0,783711.997,1582415586.003997
63.0,783711.998,1582415586.003998
63.0,783711.999,1582415586.003999
63.0,783712.0,1582415586.004
62.0,783811.901,1582415586.004901
62.0,783811.902,1582415586.004902
62.0,783811.903,1582415586.004903
62.0,783811.904,1582415586.004904
62.0,783811.905,1582415586.004905
62.0,783811.906,1582415586.004906
62.0,783811.907,1582415586.004907
62.0,783811.908,1582415586.004908
62.0,783811.909,1582415586.004909
62.0,783811.91,1582415586.00491
62.0,783811.911,1582415586.004911
62.0,783811.912,1582415586.004912
62.0,783811.913,1582415586.004913
62.0,783811.914,1582415586.004914
62.0,783811.915,1582415586.004915
62.0,783811.916,1582415586.004916
62.0,783811.917,1582415586.004917
62.0,783811.918,1582415586.004918
62.0,783811.919,1582415586.004919
62.0,783811.92,1582415586.00492
62.0,783811.921,1582415586.004921
62.0,783811.922,1582415586.004922
62.0,783811.923,1582415586.004923
62.0,783811.924,1582415586.004924
62.0,783811.925,1582415586.004925
62.0,783811.926,1582415586.004926
62.0,783811.927,1582415586.004927
62.0,783811.928,1582415586.004928
62.0,783811.929,1582415586.004929
54.0,783811.93,1582415586.00493
58.0,783811.931,1582415586.004931
59.0,783811.932,1582415586.004932
60.0,783811.933,1582415586.004933
60.0,783811.934,1582415586.004934
60.0,783811.935,1582415586.004935
61.0,783811.936,1582415586.004936
61.0,783811.937,1582415586.004937
61.0,783811.938,1582415586.004938
61.0,783811.939,1582415586.004939
61.0,783811.94,1582415586.00494
61.0,783811.941,1582415586.004941
61.0,783811.942,1582415586.004942
61.0,783811.943,1582415586.004943
61.0,783811.944,1582415586.004944
61.0,783811.945,1582415586.004945
62.0,783811.946,1582415586.004946
62.0,783811.947,1582415586.004947
62.0,783811.948,1582415586.004948
62.0,783811.949,1582415586.004949
62.0,783811.95,1582415586.00495
62.0,783811.951,1582415586.004951
62.0,783811.952,1582415586.004952
62.0,783811.953,1582415586.004953
62.0,783811.954,1582415586.004954
62.0,783811.955,1582415586.004955
62.0,783811.956,1582415586.004956
62.0,783811.957,1582415586.004957
62.0,783811.958,1582415586.004958
62.0,783811.959,1582415586.004959
62.0,783811.96,1582415586.00496
62.0,783811.961,1582415586.004961
62.0,783811.962,1582415586.004962
62.0,783811.963,1582415586.004963
62.0,783811.964,1582415586.004964
62.0,783811.965,1582415586.004965
62.0,783811.966,1582415586.004966
57.0,783811.967,1582415586.004967
58.0,783811.968,1582415586.004968
59.0,783811.969,1582415586.004969
60.0,783811.97,1582415586.00497
60.0,783811.971,1582415586.004971
60.0,783811.972,1582415586.004972
61.0,783811.973,1582415586.004973
61.0,783811.974,1582415586.004974
61.0,783811.975,1582415586.004975
61.0,783811.976,1582415586.004976
61.0,783811.977,1582415586.004977
61.0,783811.978,1582415586.004978
61.0,783811.979,1582415586.004979
61.0,783811.98,1582415586.00498
61.0,783811.981,1582415586.004981
61.0,783811.982,1582415586.004982
61.0,783811.983,1582415586.004983
61.0,783811.984,1582415586.004984
61.0,783811.985,1582415586.004985
61.0,783811.986,1582415586.004986
61.0,783811.987,1582415586.004987
61.0,783811.988,1582415586.004988
61.0,783811.989,1582415586.004989
61.0,783811.99,1582415586.00499
61.0,783811.991,1582415586.004991
61.0,783811.992,1582415586.004992
61.0,783811.993,1582415586.004993
61.0,783811.994,1582415586.004994
61.0,783811.995,1582415586.004995
66.0,783811.996,1582415586.004996
64.0,783811.997,1582415586.004997
63.0,783811.998,1582415586.004998
63.0,783811.999,1582415586.004999
63.0,783812.0,1582415586.005
62.0,783911.901,1582415586.005901
62.0,783911.902,1582415586.005902
62.0,783911.903,1582415586.005903
62.0,783911.904,1582415586.005904
62.0,783911.905,1582415586.005905
62.0,783911.906,1582415586.005906
62.0,783911.907,1582415586.005907
62.0,783911.908,1582415586.005908
62.0,783911.909,1582415586.005909
62.0,783911.91,1582415586.00591
62.0,783911.911,1582415586.005911
62.0,783911.912,1582415586.005912
62.0,783911.913,1582415586.005913
62.0,783911.914,1582415586.005914
62.0,783911.915,1582415586.005915
62.0,783911.916,1582415586.005916
62.0,783911.917,1582415586.005917
62.0,783911.918,1582415586.005918
62.0,783911.919,1582415586.005919
62.0,783911.92,1582415586.00592
62.0,783911.921,1582415586.005921
62.0,783911.922,1582415586.005922
62.0,783911.923,1582415586.005923
62.0,783911.924,1582415586.005924
62.0,783911.925,1582415586.005925
62.0,783911.926,1582415586.005926
62.0,783911.927,1582415586.005927
62.0,783911.928,1582415586.005928
62.0,783911.929,1582415586.005929
55.0,783911.93,1582415586.00593
58.0,783911.931,1582415586.005931
59.0,783911.932,1582415586.005932
60.0,783911.933,1582415586.005933
60.0,783911.934,1582415586.005934
60.0,783911.935,1582415586.005935
61.0,783911.936,1582415586.005936
61.0,783911.937,1582415586.005937
61.0,783911.938,1582415586.005938
61.0,783911.939,1582415586.005939
61.0,783911.94,1582415586.00594
61.0,783911.941,1582415586.005941
61.0,783911.942,1582415586.005942
61.0,783911.943,1582415586.005943
62.0,783911.944,1582415586.005944
62.0,783911.945,1582415586.005945
62.0,783911.946,1582415586.005946
62.0,783911.947,1582415586.005947
62.0,783911.948,1582415586.005948
62.0,783911.949,1582415586.005949
62.0,783911.95,1582415586.00595
62.0,783911.951,1582415586.005951
62.0,783911.952,1582415586.005952
62.0,783911.953,1582415586.005953
62.0,783911.954,1582415586.005954
62.0,783911.955,1582415586.005955
62.0,783911.956,1582415586.005956
62.0,783911.957,1582415586.005957
62.0,783911.958,1582415586.005958
62.0,783911.959,1582415586.005959
62.0,783911.96,1582415586.00596
62.0,783911.961,1582415586.005961
62.0,783911.962,1582415586.005962
62.0,783911.963,1582415586.005963
62.0,783911.964,1582415586.005964
62.0,783911.965,1582415586.005965
62.0,783911.966,1582415586.005966
57.0,783911.967,1582415586.005967
58.0,783911.968,1582415586.005968
59.0,783911.969,1582415586.005969
60.0,783911.97,1582415586.00597
60.0,783911.971,1582415586.005971
60.0,783911.972,1582415586.005972
61.0,783911.973,1582415586.005973
61.0,783911.974,1582415586.005974
61.0,783911.975,1582415586.005975
61.0,783911.976,1582415586.005976
61.0,783911.977,1582415586.005977
61.0,783911.978,1582415586.005978
61.0,783911.979,1582415586.005979
61.0,783911.98,1582415586.00598
61.0,783911.981,1582415586.005981
61.0,783911.982,1582415586.005982
61.0,783911.983,1582415586.005983
61.0,783911.984,1582415586.005984
61.0,783911.985,1582415586.005985
61.0,783911.986,1582415586.005986
61.0,783911.987,1582415586.005987
61.0,783911.988,1582415586.005988
61.0,783911.989,1582415586.005989
61.0,783911.99,1582415586.00599
61.0,783911.991,1582415586.005991
61.0,783911.992,1582415586.005992
61.0,783911.993,1582415586.005993
62.0,783911.994,1582415586.005994
62.0,783911.995,1582415586.005995
66.0,783911.996,1582415586.005996
64.0,783911.997,1582415586.005997
63.0,783911.998,1582415586.005998
63.0,783911.999,1582415586.005999
63.0,783912.0,1582415586.006
62.0,784011.901,1582415586.006901
62.0,784011.902,1582415586.006902
62.0,784011.903,1582415586.006903
62.0,784011.904,1582415586.006904
62.0,784011.905,1582415586.006905
62.0,784011.906,1582415586.006906
62.0,784011.907,1582415586.006907
62.0,784011.908,1582415586.006908
62.0,784011.909,1582415586.006909
62.0,784011.91,1582415586.00691
62.0,784011.911,1582415586.006911
62.0,784011.912,1582415586.006912
62.0,784011.913,1582415586.006913
62.0,784011.914,1582415586.006914
62.0,784011.915,1582415586.006915
62.0,784011.916,1582415586.006916
62.0,784011.917,1582415586.006917
62.0,784011.918,1582415586.006918
62.0,784011.919,1582415586.006919
62.0,784011.92,1582415586.00692
62.0,784011.921,1582415586.006921
62.0,784011.922,1582415586.006922
62.0,784011.923,1582415586.006923
62.0,784011.924,1582415586.006924
62.0,784011.925,1582415586.006925
62.0,784011.926,1582415586.006926
62.0,784011.927,1582415586.006927
62.0,784011.928,1582415586.006928
62.0,784011.929,1582415586.006929
54.0,784011.93,1582415586.00693
58.0,784011.931,1582415586.006931
59.0,784011.932,1582415586.006932
60.0,784011.933,1582415586.006933
60.0,784011.934,1582415586.006934
60.0,784011.935,1582415586.006935
61.0,784011.936,1582415586.006936
61.0,784011.937,1582415586.006937
61.0,784011.938,1582415586.006938
61.0,784011.939,1582415586.006939
61.0,784011.94,1582415586.00694
61.0,784011.941,1582415586.006941
61.0,784011.942,1582415586.006942
61.0,784011.943,1582415586.006943
62.0,784011.944,1582415586.006944
61.0,784011.945,1582415586.006945
62.0,784011.946,1582415586.006946
62.0,784011.947,1582415586.006947
62.0,784011.948,1582415586.006948
62.0,784011.949,1582415586.006949
62.0,784011.95,1582415586.00695
62.0,784011.951,1582415586.006951
62.0,784011.952,1582415586.006952
62.0,784011.953,1582415586.006953
62.0,784011.954,1582415586.006954
62.0,784011.955,1582415586.006955
62.0,784011.956,1582415586.006956
62.0,784011.957,1582415586.006957
62.0,784011.958,1582415586.006958
62.0,784011.959,1582415586.006959
62.0,784011.96,1582415586.00696
62.0,784011.961,1582415586.006961
62.0,784011.962,1582415586.006962
62.0,784011.963,1582415586.006963
62.0,784011.964,1582415586.006964
62.0,784011.965,1582415586.006965
62.0,784011.966,1582415586.006966
57.0,784011.967,1582415586.006967
58.0,784011.968,1582415586.006968
59.0,784011.969,1582415586.006969
60.0,784011.97,1582415586.00697
60.0,784011.971,1582415586.006971
60.0,784011.972,1582415586.006972
61.0,784011.973,1582415586.006973
61.0,784011.974,1582415586.006974
61.0,784011.975,1582415586.006975
61.0,784011.976,1582415586.006976
61.0,784011.977,1582415586.006977
61.0,784011.978,1582415586.006978
61.0,784011.979,1582415586.006979
61.0,784011.98,1582415586.00698
62.0,784011.981,1582415586.006981
61.0,784011.982,1582415586.006982
62.0,784011.983,1582415586.006983
62.0,784011.984,1582415586.006984
61.0,784011.985,1582415586.006985
61.0,784011.986,1582415586.006986
62.0,784011.987,1582415586.006987
61.0,784011.988,1582415586.006988
61.0,784011.989,1582415586.006989
61.0,784011.99,1582415586.00699
61.0,784011.991,1582415586.006991
61.0,784011.992,1582415586.006992
61.0,784011.993,1582415586.006993
62.0,784011.994,1582415586.006994
61.0,784011.995,1582415586.006995
66.0,784011.996,1582415586.006996
64.0,784011.997,1582415586.006997
63.0,784011.998,1582415586.006998
63.0,784011.999,1582415586.006999
63.0,784012.0,1582415586.007
62.0,784106.901,1582415586.002901
62.0,784106.902,1582415586.002902
62.0,784106.903,1582415586.002903
62.0,784106.904,1582415586.002904
62.0,784106.905,1582415586.002905
62.0,784106.906,1582415586.002906
62.0,784106.907,1582415586.002907
62.0,784106.908,1582415586.002908
62.0,784106.909,1582415586.002909
62.0,784106.91,1582415586.00291
62.0,784106.911,1582415586.002911
62.0,784106.912,1582415586.002912
62.0,784106.913,1582415586.002913
62.0,784106.914,1582415586.002914
62.0,784106.915,1582415586.002915
62.0,784106.916,1582415586.002916
62.0,784106.917,1582415586.002917
62.0,784106.918,1582415586.002918
62.0,784106.919,1582415586.002919
62.0,784106.92,1582415586.00292
62.0,784106.921,1582415586.002921
62.0,784106.922,1582415586.002922
62.0,784106.923,1582415586.002923
62.0,784106.924,1582415586.002924
62.0,784106.925,1582415586.002925
62.0,784106.926,1582415586.002926
62.0,784106.927,1582415586.002927
62.0,784106.928,1582415586.002928
62.0,784106.929,1582415586.002929
55.0,784106.93,1582415586.00293
58.0,784106.931,1582415586.002931
59.0,784106.932,1582415586.002932
60.0,784106.933,1582415586.002933
60.0,784106.934,1582415586.002934
60.0,784106.935,1582415586.002935
61.0,784106.936,1582415586.002936
61.0,784106.937,1582415586.002937
61.0,784106.938,1582415586.002938
61.0,784106.939,1582415586.002939
61.0,784106.94,1582415586.00294
61.0,784106.941,1582415586.002941
61.0,784106.942,1582415586.002942
61.0,784106.943,1582415586.002943
62.0,784106.944,1582415586.002944
62.0,784106.945,1582415586.002945
62.0,784106.946,1582415586.002946
62.0,784106.947,1582415586.002947
62.0,784106.948,1582415586.002948
62.0,784106.949,1582415586.002949
62.0,784106.95,1582415586.00295
62.0,784106.951,1582415586.002951
62.0,784106.952,1582415586.002952
62.0,784106.953,1582415586.002953
62.0,784106.954,1582415586.002954
62.0,784106.955,1582415586.002955
62.0,784106.956,1582415586.002956
62.0,784106.957,1582415586.002957
62.0,784106.958,1582415586.002958
62.0,784106.959,1582415586.002959
62.0,784106.96,1582415586.00296
62.0,784106.961,1582415586.002961
62.0,784106.962,1582415586.002962
62.0,784106.963,1582415586.002963
62.0,784106.964,1582415586.002964
62.0,784106.965,1582415586.002965
62.0,784106.966,1582415586.002966
57.0,784106.967,1582415586.002967
58.0,784106.968,1582415586.002968
59.0,784106.969,1582415586.002969
60.0,784106.97,1582415586.00297
60.0,784106.971,1582415586.002971
60.0,784106.972,1582415586.002972
61.0,784106.973,1582415586.002973
61.0,784106.974,1582415586.002974
61.0,784106.975,1582415586.002975
61.0,784106.976,1582415586.002976
61.0,784106.977,1582415586.002977
61.0,784106.978,1582415586.002978
61.0,784106.979,1582415586.002979
61.0,784106.98,1582415586.00298
61.0,784106.981,1582415586.002981
61.0,784106.982,1582415586.002982
61.0,784106.983,1582415586.002983
61.0,784106.984,1582415586.002984
61.0,784106.985,1582415586.002985
61.0,784106.986,1582415586.002986
61.0,784106.987,1582415586.002987
61.0,784106.988,1582415586.002988
61.0,784106.989,1582415586.002989
61.0,784106.99,1582415586.00299
61.0,784106.991,1582415586.002991
61.0,784106.992,1582415586.002992
61.0,784106.993,1582415586.002993
61.0,784106.994,1582415586.002994
61.0,784106.995,1582415586.002995
66.0,784106.996,1582415586.002996
64.0,784106.997,1582415586.002997
63.0,784106.998,1582415586.002998
63.0,784106.999,1582415586.002999
63.0,784107.0,1582415586.003
62.0,784201.901,1582415585.998901
62.0,784201.902,1582415585.998902
62.0,784201.903,1582415585.998903
62.0,784201.904,1582415585.998904
62.0,784201.905,1582415585.998905
62.0,784201.906,1582415585.998906
62.0,784201.907,1582415585.998907
62.0,784201.908,1582415585.998908
62.0,784201.909,1582415585.998909
62.0,784201.91,1582415585.99891
62.0,784201.911,1582415585.998911
62.0,784201.912,1582415585.998912
62.0,784201.913,1582415585.998913
62.0,784201.914,1582415585.998914
62.0,784201.915,1582415585.998915
62.0,784201.916,1582415585.998916
62.0,784201.917,1582415585.998917
62.0,784201.918,1582415585.998918
62.0,784201.919,1582415585.998919
62.0,784201.92,1582415585.99892
62.0,784201.921,1582415585.998921
62.0,784201.922,1582415585.998922
62.0,784201.923,1582415585.998923
62.0,784201.924,1582415585.998924
62.0,784201.925,1582415585.998925
62.0,784201.926,1582415585.998926
62.0,784201.927,1582415585.998927
62.0,784201.928,1582415585.998928
62.0,784201.929,1582415585.998929
55.0,784201.93,1582415585.99893
58.0,784201.931,1582415585.998931
59.0,784201.932,1582415585.998932
60.0,784201.933,1582415585.998933
60.0,784201.934,1582415585.998934
61.0,784201.935,1582415585.998935
61.0,784201.936,1582415585.998936
61.0,784201.937,1582415585.998937
61.0,784201.938,1582415585.998938
61.0,784201.939,1582415585.998939
61.0,784201.94,1582415585.99894
61.0,784201.941,1582415585.998941
61.0,784201.942,1582415585.998942
62.0,784201.943,1582415585.998943
62.0,784201.944,1582415585.998944
62.0,784201.945,1582415585.998945
62.0,784201.946,1582415585.998946
62.0,784201.947,1582415585.998947
62.0,784201.948,1582415585.998948
62.0,784201.949,1582415585.998949
62.0,784201.95,1582415585.99895
62.0,784201.951,1582415585.998951
62.0,784201.952,1582415585.998952
62.0,784201.953,1582415585.998953
62.0,784201.954,1582415585.998954
62.0,784201.955,1582415585.998955
62.0,784201.956,1582415585.998956
62.0,784201.957,1582415585.998957
62.0,784201.958,1582415585.998958
62.0,784201.959,1582415585.998959
62.0,784201.96,1582415585.99896
62.0,784201.961,1582415585.998961
62.0,784201.962,1582415585.998962
62.0,784201.963,1582415585.998963
62.0,784201.964,1582415585.998964
62.0,784201.965,1582415585.998965
62.0,784201.966,1582415585.998966
57.0,784201.967,1582415585.998967
58.0,784201.968,1582415585.998968
59.0,784201.969,1582415585.998969
60.0,784201.97,1582415585.99897
60.0,784201.971,1582415585.998971
60.0,784201.972,1582415585.998972
61.0,784201.973,1582415585.998973
61.0,784201.974,1582415585.998974
61.0,784201.975,1582415585.998975
61.0,784201.976,1582415585.998976
61.0,784201.977,1582415585.998977
61.0,784201.978,1582415585.998978
61.0,784201.979,1582415585.998979
62.0,784201.98,1582415585.99898
62.0,784201.981,1582415585.998981
61.0,784201.982,1582415585.998982
62.0,784201.983,1582415585.998983
62.0,784201.984,1582415585.998984
62.0,784201.985,1582415585.998985
62.0,784201.986,1582415585.998986
62.0,784201.987,1582415585.998987
62.0,784201.988,1582415585.998988
61.0,784201.989,1582415585.998989
61.0,784201.99,1582415585.99899
62.0,784201.991,1582415585.998991
62.0,784201.992,1582415585.998992
62.0,784201.993,1582415585.998993
62.0,784201.994,1582415585.998994
62.0,784201.995,1582415585.998995
66.0,784201.996,1582415585.998996
64.0,784201.997,1582415585.998997
63.0,784201.998,1582415585.998998
63.0,784201.999,1582415585.998999
63.0,784202.0,1582415585.999
62.0,784301.901,1582415585.999901
62.0,784301.902,1582415585.999902
62.0,784301.903,1582415585.999903
62.0,784301.904,1582415585.999904
62.0,784301.905,1582415585.999905
62.0,784301.906,1582415585.999906
62.0,784301.907,1582415585.999907
62.0,784301.908,1582415585.999908
62.0,784301.909,1582415585.999909
62.0,784301.91,1582415585.99991
62.0,784301.911,1582415585.999911
62.0,784301.912,1582415585.999912
62.0,784301.913,1582415585.999913
62.0,784301.914,1582415585.999914
62.0,784301.915,1582415585.999915
62.0,784301.916,1582415585.999916
62.0,784301.917,1582415585.999917
62.0,784301.918,1582415585.999918
62.0,784301.919,1582415585.999919
62.0,784301.92,1582415585.99992
62.0,784301.921,1582415585.999921
62.0,784301.922,1582415585.999922
62.0,784301.923,1582415585.999923
62.0,784301.924,1582415585.999924
62.0,784301.925,1582415585.999925
62.0,784301.926,1582415585.999926
62.0,784301.927,1582415585.999927
62.0,784301.928,1582415585.999928
62.0,784301.929,1582415585.999929
55.0,784301.93,1582415585.99993
58.0,784301.931,1582415585.999931
59.0,784301.932,1582415585.999932
60.0,784301.933,1582415585.999933
60.0,784301.934,1582415585.999934
60.0,784301.935,1582415585.999935
61.0,784301.936,1582415585.999936
61.0,784301.937,1582415585.999937
61.0,784301.938,1582415585.999938
61.0,784301.939,1582415585.999939
61.0,784301.94,1582415585.99994
61.0,784301.941,1582415585.999941
61.0,784301.942,1582415585.999942
61.0,784301.943,1582415585.999943
62.0,784301.944,1582415585.999944
62.0,784301.945,1582415585.999945
62.0,784301.946,1582415585.999946
62.0,784301.947,1582415585.999947
62.0,784301.948,1582415585.999948
62.0,784301.949,1582415585.999949
62.0,784301.95,1582415585.99995
62.0,784301.951,1582415585.999951
62.0,784301.952,1582415585.999952
62.0,784301.953,1582415585.999953
62.0,784301.954,1582415585.999954
62.0,784301.955,1582415585.999955
62.0,784301.956,1582415585.999956
62.0,784301.957,1582415585.999957
62.0,784301.958,1582415585.999958
62.0,784301.959,1582415585.999959
62.0,784301.96,1582415585.99996
62.0,784301.961,1582415585.999961
62.0,784301.962,1582415585.999962
62.0,784301.963,1582415585.999963
62.0,784301.964,1582415585.999964
62.0,784301.965,1582415585.999965
62.0,784301.966,1582415585.999966
57.0,784301.967,1582415585.999967
58.0,784301.968,1582415585.999968
59.0,784301.969,1582415585.999969
60.0,784301.97,1582415585.99997
60.0,784301.971,1582415585.999971
60.0,784301.972,1582415585.999972
60.0,784301.973,1582415585.999973
61.0,784301.974,1582415585.999974
61.0,784301.975,1582415585.999975
61.0,784301.976,1582415585.999976
61.0,784301.977,1582415585.999977
61.0,784301.978,1582415585.999978
61.0,784301.979,1582415585.999979
61.0,784301.98,1582415585.99998
62.0,784301.981,1582415585.999981
61.0,784301.982,1582415585.999982
62.0,784301.983,1582415585.999983
62.0,784301.984,1582415585.999984
62.0,784301.985,1582415585.999985
61.0,784301.986,1582415585.999986
61.0,784301.987,1582415585.999987
61.0,784301.988,1582415585.999988
61.0,784301.989,1582415585.999989
62.0,784301.99,1582415585.99999
61.0,784301.991,1582415585.999991
61.0,784301.992,1582415585.999992
62.0,784301.993,1582415585.999993
62.0,784301.994,1582415585.999994
61.0,784301.995,1582415585.999995
66.0,784301.996,1582415585.999996
64.0,784301.997,1582415585.999997
63.0,784301.998,1582415585.999998
63.0,784301.999,1582415585.999999
63.0,784302.0,1582415586.0
62.0,784401.901,1582415586.000901
62.0,784401.902,1582415586.000902
62.0,784401.903,1582415586.000903
62.0,784401.904,1582415586.000904
62.0,784401.905,1582415586.000905
62.0,784401.906,1582415586.000906
62.0,784401.907,1582415586.000907
62.0,784401.908,1582415586.000908
62.0,784401.909,1582415586.000909
62.0,784401.91,1582415586.00091
62.0,784401.911,1582415586.000911
62.0,784401.912,1582415586.000912
62.0,784401.913,1582415586.000913
62.0,784401.914,1582415586.000914
62.0,784401.915,1582415586.000915
62.0,784401.916,1582415586.000916
62.0,784401.917,1582415586.000917
62.0,784401.918,1582415586.000918
62.0,784401.919,1582415586.000919
62.0,784401.92,1582415586.00092
62.0,784401.921,1582415586.000921
62.0,784401.922,1582415586.000922
62.0,784401.923,1582415586.000923
62.0,784401.924,1582415586.000924
62.0,784401.925,1582415586.000925
62.0,784401.926,1582415586.000926
62.0,784401.927,1582415586.000927
62.0,784401.928,1582415586.000928
62.0,784401.929,1582415586.000929
54.0,784401.93,1582415586.00093
58.0,784401.931,1582415586.000931
59.0,784401.932,1582415586.000932
60.0,784401.933,1582415586.000933
60.0,784401.934,1582415586.000934
60.0,784401.935,1582415586.000935
61.0,784401.936,1582415586.000936
61.0,784401.937,1582415586.000937
61.0,784401.938,1582415586.000938
61.0,784401.939,1582415586.000939
61.0,784401.94,1582415586.00094
61.0,784401.941,1582415586.000941
61.0,784401.942,1582415586.000942
61.0,784401.943,1582415586.000943
62.0,784401.944,1582415586.000944
61.0,784401.945,1582415586.000945
62.0,784401.946,1582415586.000946
62.0,784401.947,1582415586.000947
62.0,784401.948,1582415586.000948
62.0,784401.949,1582415586.000949
62.0,784401.95,1582415586.00095
62.0,784401.951,1582415586.000951
62.0,784401.952,1582415586.000952
62.0,784401.953,1582415586.000953
62.0,784401.954,1582415586.000954
62.0,784401.955,1582415586.000955
62.0,784401.956,1582415586.000956
62.0,784401.957,1582415586.000957
62.0,784401.958,1582415586.000958
62.0,784401.959,1582415586.000959
62.0,784401.96,1582415586.00096
62.0,784401.961,1582415586.000961
62.0,784401.962,1582415586.000962
62.0,784401.963,1582415586.000963
62.0,784401.964,1582415586.000964
62.0,784401.965,1582415586.000965
62.0,784401.966,1582415586.000966
57.0,784401.967,1582415586.000967
58.0,784401.968,1582415586.000968
59.0,784401.969,1582415586.000969
60.0,784401.97,1582415586.00097
60.0,784401.971,1582415586.000971
60.0,784401.972,1582415586.000972
61.0,784401.973,1582415586.000973
61.0,784401.974,1582415586.000974
61.0,784401.975,1582415586.000975
61.0,784401.976,1582415586.000976
61.0,784401.977,1582415586.000977
61.0,784401.978,1582415586.000978
61.0,784401.979,1582415586.000979
61.0,784401.98,1582415586.00098
62.0,784401.981,1582415586.000981
61.0,784401.982,1582415586.000982
61.0,784401.983,1582415586.000983
62.0,784401.984,1582415586.000984
61.0,784401.985,1582415586.000985
61.0,784401.986,1582415586.000986
61.0,784401.987,1582415586.000987
61.0,784401.988,1582415586.000988
61.0,784401.989,1582415586.000989
61.0,784401.99,1582415586.00099
61.0,784401.991,1582415586.000991
61.0,784401.992,1582415586.000992
62.0,784401.993,1582415586.000993
61.0,784401.994,1582415586.000994
62.0,784401.995,1582415586.000995
66.0,784401.996,1582415586.000996
64.0,784401.997,1582415586.000997
63.0,784401.998,1582415586.000998
63.0,784401.999,1582415586.000999
63.0,784402.0,1582415586.001
62.0,784501.901,1582415586.001901
62.0,784501.902,1582415586.001902
62.0,784501.903,1582415586.001903
62.0,784501.904,1582415586.001904
62.0,784501.905,1582415586.001905
62.0,784501.906,1582415586.001906
62.0,784501.907,1582415586.001907
62.0,784501.908,1582415586.001908
62.0,784501.909,1582415586.001909
61.0,784501.91,1582415586.00191
62.0,784501.911,1582415586.001911
62.0,784501.912,1582415586.001912
62.0,784501.913,1582415586.001913
62.0,784501.914,1582415586.001914
62.0,784501.915,1582415586.001915
62.0,784501.916,1582415586.001916
62.0,784501.917,1582415586.001917
62.0,784501.918,1582415586.001918
62.0,784501.919,1582415586.001919
62.0,784501.92,1582415586.00192
62.0,784501.921,1582415586.001921
62.0,784501.922,1582415586.001922
62.0,784501.923,1582415586.001923
62.0,784501.924,1582415586.001924
61.0,784501.925,1582415586.001925
62.0,784501.926,1582415586.001926
62.0,784501.927,1582415586.001927
62.0,784501.928,1582415586.001928
62.0,784501.929,1582415586.001929
62.0,784501.93,1582415586.00193
62.0,784501.931,1582415586.001931
62.0,784501.932,1582415586.001932
62.0,784501.933,1582415586.001933
62.0,784501.934,1582415586.001934
62.0,784501.935,1582415586.001935
62.0,784501.936,1582415586.001936
62.0,784501.937,1582415586.001937
62.0,784501.938,1582415586.001938
62.0,784501.939,1582415586.001939
62.0,784501.94,1582415586.00194
60.0,784501.941,1582415586.001941
61.0,784501.942,1582415586.001942
61.0,784501.943,1582415586.001943
61.0,784501.944,1582415586.001944
62.0,784501.945,1582415586.001945
62.0,784501.946,1582415586.001946
61.0,784501.947,1582415586.001947
61.0,784501.948,1582415586.001948
62.0,784501.949,1582415586.001949
62.0,784501.95,1582415586.00195
62.0,784501.951,1582415586.001951
62.0,784501.952,1582415586.001952
62.0,784501.953,1582415586.001953
62.0,784501.954,1582415586.001954
62.0,784501.955,1582415586.001955
62.0,784501.956,1582415586.001956
63.0,784501.957,1582415586.001957
63.0,784501.958,1582415586.001958
62.0,784501.959,1582415586.001959
62.0,784501.96,1582415586.00196
62.0,784501.961,1582415586.001961
62.0,784501.962,1582415586.001962
62.0,784501.963,1582415586.001963
62.0,784501.964,1582415586.001964
62.0,784501.965,1582415586.001965
62.0,784501.966,1582415586.001966
62.0,784501.967,1582415586.001967
62.0,784501.968,1582415586.001968
62.0,784501.969,1582415586.001969
62.0,784501.97,1582415586.00197
62.0,784501.971,1582415586.001971
62.0,784501.972,1582415586.001972
62.0,784501.973,1582415586.001973
62.0,784501.974,1582415586.001974
62.0,784501.975,1582415586.001975
62.0,784501.976,1582415586.001976
62.0,784501.977,1582415586.001977
62.0,784501.978,1582415586.001978
62.0,784501.979,1582415586.001979
62.0,784501.98,1582415586.00198
62.0,784501.981,1582415586.001981
62.0,784501.982,1582415586.001982
62.0,784501.983,1582415586.001983
62.0,784501.984,1582415586.001984
62.0,784501.985,1582415586.001985
62.0,784501.986,1582415586.001986
62.0,784501.987,1582415586.001987
62.0,784501.988,1582415586.001988
62.0,784501.989,1582415586.001989
62.0,784501.99,1582415586.00199
62.0,784501.991,1582415586.001991
62.0,784501.992,1582415586.001992
62.0,784501.993,1582415586.001993
62.0,784501.994,1582415586.001994
62.0,784501.995,1582415586.001995
62.0,784501.996,1582415586.001996
62.0,784501.997,1582415586.001997
62.0,784501.998,1582415586.001998
62.0,784501.999,1582415586.001999
62.0,784502.0,1582415586.002
62.0,784601.901,1582415586.002901
61.0,784601.902,1582415586.002902
62.0,784601.903,1582415586.002903
62.0,784601.904,1582415586.002904
66.0,784601.905,1582415586.002905
64.0,784601.906,1582415586.002906
63.0,784601.907,1582415586.002907
63.0,784601.908,1582415586.002908
63.0,784601.909,1582415586.002909
62.0,784601.91,1582415586.00291
62.0,784601.911,1582415586.002911
62.0,784601.912,1582415586.002912
62.0,784601.913,1582415586.002913
62.0,784601.914,1582415586.002914
62.0,784601.915,1582415586.002915
62.0,784601.916,1582415586.002916
62.0,784601.917,1582415586.002917
62.0,784601.918,1582415586.002918
62.0,784601.919,1582415586.002919
62.0,784601.92,1582415586.00292
62.0,784601.921,1582415586.002921
62.0,784601.922,1582415586.002922
62.0,784601.923,1582415586.002923
62.0,784601.924,1582415586.002924
62.0,784601.925,1582415586.002925
62.0,784601.926,1582415586.002926
62.0,784601.927,1582415586.002927
62.0,784601.928,1582415586.002928
62.0,784601.929,1582415586.002929
62.0,784601.93,1582415586.00293
62.0,784601.931,1582415586.002931
62.0,784601.932,1582415586.002932
62.0,784601.933,1582415586.002933
62.0,784601.934,1582415586.002934
62.0,784601.935,1582415586.002935
62.0,784601.936,1582415586.002936
62.0,784601.937,1582415586.002937
62.0,784601.938,1582415586.002938
62.0,784601.939,1582415586.002939
62.0,784601.94,1582415586.00294
62.0,784601.941,1582415586.002941
62.0,784601.942,1582415586.002942
62.0,784601.943,1582415586.002943
62.0,784601.944,1582415586.002944
62.0,784601.945,1582415586.002945
62.0,784601.946,1582415586.002946
62.0,784601.947,1582415586.002947
62.0,784601.948,1582415586.002948
62.0,784601.949,1582415586.002949
62.0,784601.95,1582415586.00295
62.0,784601.951,1582415586.002951
62.0,784601.952,1582415586.002952
62.0,784601.953,1582415586.002953
62.0,784601.954,1582415586.002954
62.0,784601.955,1582415586.002955
62.0,784601.956,1582415586.002956
62.0,784601.957,1582415586.002957
62.0,784601.958,1582415586.002958
62.0,784601.959,1582415586.002959
62.0,784601.96,1582415586.00296
62.0,784601.961,1582415586.002961
62.0,784601.962,1582415586.002962
62.0,784601.963,1582415586.002963
62.0,784601.964,1582415586.002964
62.0,784601.965,1582415586.002965
62.0,784601.966,1582415586.002966
62.0,784601.967,1582415586.002967
62.0,784601.968,1582415586.002968
62.0,784601.969,1582415586.002969
62.0,784601.97,1582415586.00297
62.0,784601.971,1582415586.002971
62.0,784601.972,1582415586.002972
62.0,784601.973,1582415586.002973
62.0,784601.974,1582415586.002974
62.0,784601.975,1582415586.002975
62.0,784601.976,1582415586.002976
62.0,784601.977,1582415586.002977
62.0,784601.978,1582415586.002978
62.0,784601.979,1582415586.002979
62.0,784601.98,1582415586.00298
62.0,784601.981,1582415586.002981
62.0,784601.982,1582415586.002982
62.0,784601.983,1582415586.002983
62.0,784601.984,1582415586.002984
62.0,784601.985,1582415586.002985
62.0,784601.986,1582415586.002986
62.0,784601.987,1582415586.002987
62.0,784601.988,1582415586.002988
62.0,784601.989,1582415586.002989
62.0,784601.99,1582415586.00299
62.0,784601.991,1582415586.002991
62.0,784601.992,1582415586.002992
62.0,784601.993,1582415586.002993
62.0,784601.994,1582415586.002994
62.0,784601.995,1582415586.002995
62.0,784601.996,1582415586.002996
62.0,784601.997,1582415586.002997
62.0,784601.998,1582415586.002998
62.0,784601.999,1582415586.002999
62.0,784602.0,1582415586.003
